{"phase":"RETURN","frame":150,"total_frames":150,"theta1":-71.805127661233229,"theta2":-36.38974467753355,"hip_pwm":702.16524820851964,"knee_pwm":1095.6695035829607,"foot_x":8.8817841970012523E-16,"foot_y":-19,"ball_x":53,"ball_y":-26.550000000000004}