{
  "frame_width": 640,
  "frame_height": 480,
  "reference_dimensions_cm": {
    "width": 30.0,
    "height": 21.0
  },
  "image_corners_pixels": [
    [
      64,
      15
    ],
    [
      599,
      27
    ],
    [
      638,
      380
    ],
    [
      2,
      380
    ]
  ],
  "world_corners_cm": [
    [
      -15.0,
      31.0
    ],
    [
      15.0,
      31.0
    ],
    [
      15.0,
      10.0
    ],
    [
      -15.0,
      10.0
    ]
  ],
  "homography_matrix": [
    [
      0.055286940680651014,
      0.0014876461612843958,
      -18.60618478957501
    ],
    [
      -0.0007317782609614601,
      -0.052564051655681156,
      31.92934009696453
    ],
    [
      -7.31778260961461e-05,
      0.0005144738073172865,
      1.0
    ]
  ],
  "robot_origin_offset_cm": {
    "x": 0.0,
    "y": 20.5
  }
}